Cluster,Education,Jobs,Income,Safety,Health,Environment,Civic engagement,Accessiblity to services,Housing,Community,Life satisfaction
0,7.5435406846556585,6.0053918440634,2.432718328437772,9.618170289855072,5.031706406625789,5.219136719216419,3.3302061021490337,6.453750487760839,2.7908136704119855,5.695399051827794,4.724440571581198
1,9.329321500661136,8.07047653880759,8.63459265045554,8.492078113485631,4.707766939436132,8.78151771042172,4.889921620205929,8.047554106836518,8.509208782593184,7.688778257633519,7.93454199212683
2,1.650085132446803,3.950768912055098,0.3951368857468817,5.164901102123357,4.2960663614043995,4.18835655501562,5.040892043024393,3.2633389962894013,1.263772062218961,3.2094274463067,2.9852895477992307
3,7.7355529954322115,7.706778603738561,3.9802618342930716,9.769687313877307,7.701573922463374,8.182377226170129,7.385793445207123,7.177776298961122,6.4007072408601955,7.901733543602121,7.919339538849681
